frame,FE01,FE02,FE03,FE04,FE05,FE06
40,0,0,0,0.9466666666666667,0,0
43,0,0,0,0.81,0,0
44,0,0,0,0.9833333333333334,0,0
78,0,0,0,1.18,0,0
148,0,0,0,0.49333333333333335,0,0
170,0,0,0,0,0,0.7266666666666667
